username,email,phone,date
epettiford0,tgotling0@va.gov,312-372-4452,12/6/2021
sgodsal1,cwimpress1@vk.com,312-372-4452,7/7/2021
eeilers2,cfearfull2@1688.com,621-843-9593,5/31/2021
rpawlicki3,wcubuzzi3@instagram.com,147-255-5896,12/10/2021
eshepherdson4,egrosvenor4@chronoengine.com,848-353-1276,8/22/2021
mchasmor5,fsynan5@imageshack.us,734-102-8015,7/13/2021
apeyro6,vmaccumeskey6@instagram.com,252-531-8514,9/18/2021
eorowane7,bissitt7@pen.io,739-537-1564,5/3/2021
bburthom8,emuzzillo8@tinyurl.com,673-462-0636,7/6/2021
akellie9,emccorley9@skype.com,960-294-7024,7/9/2021
cyclist01,cyclist01@gmail.com,960-294-7024,7/9/2021
akellie9,emccorley9@skype.com,9550-294-7024,7/9/2021
